id,name,email
1,John Smith,john.smith1@example.com
2,Jane Doe,jane.doe2@example.com
3,Michael Johnson,michael.johnson3@example.com
4,Emily Davis,emily.davis4@example.com
5,David Wilson,david.wilson5@example.com
6,Sarah Miller,sarah.miller6@example.com
7,Chris Brown,chris.brown7@example.com
8,Amanda Taylor,amanda.taylor8@example.com
9,Matthew Anderson,matthew.anderson9@example.com
10,Jessica Thomas,jessica.thomas10@example.com
11,Daniel Jackson,daniel.jackson11@example.com
12,Laura White,laura.white12@example.com
13,James Harris,james.harris13@example.com
14,Megan Martin,megan.martin14@example.com
15,Joshua Thompson,joshua.thompson15@example.com
16,Olivia Garcia,olivia.garcia16@example.com
17,Andrew Martinez,andrew.martinez17@example.com
18,Emma Robinson,emma.robinson18@example.com
19,Joseph Clark,joseph.clark19@example.com
20,Grace Rodriguez,grace.rodriguez20@example.com
21,Samuel Lewis,samuel.lewis21@example.com
22,Chloe Lee,chloe.lee22@example.com
23,Anthony Walker,anthony.walker23@example.com
24,Sophia Hall,sophia.hall24@example.com
25,William Allen,william.allen25@example.com
26,Abigail Young,abigail.young26@example.com
27,Alexander King,alexander.king27@example.com
28,Madison Wright,madison.wright28@example.com
29,Jacob Scott,jacob.scott29@example.com
30,Elizabeth Green,elizabeth.green30@example.com
31,Ethan Adams,ethan.adams31@example.com
32,Avery Baker,avery.baker32@example.com
33,Henry Gonzalez,henry.gonzalez33@example.com
34,Victoria Nelson,victoria.nelson34@example.com
35,Jack Carter,jack.carter35@example.com
36,Natalie Mitchell,natalie.mitchell36@example.com
37,Logan Perez,logan.perez37@example.com
38,Lily Roberts,lily.roberts38@example.com
39,Benjamin Turner,benjamin.turner39@example.com
40,Hannah Phillips,hannah.phillips40@example.com
41,Jacob Campbell,jacob.campbell41@example.com
42,Samantha Parker,samantha.parker42@example.com
43,Elijah Evans,elijah.evans43@example.com
44,Zoey Edwards,zoey.edwards44@example.com
45,Lucas Collins,lucas.collins45@example.com
46,Penelope Stewart,penelope.stewart46@example.com
47,Mason Sanchez,mason.sanchez47@example.com
48,Ella Morris,ella.morris48@example.com
49,Jackson Rogers,jackson.rogers49@example.com
50,Scarlett Reed,scarlett.reed50@example.com
51,Oliver Cook,oliver.cook51@example.com
52,Aria Morgan,aria.morgan52@example.com
53,Aiden Bell,aiden.bell53@example.com
54,Lucy Murphy,lucy.murphy54@example.com
55,Wyatt Bailey,wyatt.bailey55@example.com
56,Stella Rivera,stella.rivera56@example.com
57,Leo Cooper,leo.cooper57@example.com
58,Eleanor Richardson,eleanor.richardson58@example.com
59,Isaac Cox,isaac.cox59@example.com
60,Audrey Howard,audrey.howard60@example.com
61,Julian Ward,julian.ward61@example.com
62,Claire Torres,claire.torres62@example.com
63,Grayson Peterson,grayson.peterson63@example.com
64,Anna Gray,anna.gray64@example.com
65,Lincoln Ramirez,lincoln.ramirez65@example.com
66,Hailey James,hailey.james66@example.com
67,Levi Watson,levi.watson67@example.com
68,Brooklyn Brooks,brooklyn.brooks68@example.com
69,Caleb Kelly,caleb.kelly69@example.com
70,Violet Sanders,violet.sanders70@example.com
71,Christian Price,christian.price71@example.com
72,Ellie Bennett,ellie.bennett72@example.com
73,Jonathan Wood,jonathan.wood73@example.com
74,Savannah Barnes,savannah.barnes74@example.com
75,Charles Ross,charles.ross75@example.com
76,Caroline Henderson,caroline.henderson76@example.com
77,Thomas Coleman,thomas.coleman77@example.com
78,Leah Jenkins,leah.jenkins78@example.com
79,Robert Perry,robert.perry79@example.com
80,Allison Powell,allison.powell80@example.com
81,Adam Long,adam.long81@example.com
82,Nora Patterson,nora.patterson82@example.com
83,Justin Hughes,justin.hughes83@example.com
84,Aubrey Flores,aubrey.flores84@example.com
85,Brandon Butler,brandon.butler85@example.com
86,Zoey Simmons,zoey.simmons86@example.com
87,Kevin Foster,kevin.foster87@example.com
88,Lucy Bryant,lucy.bryant88@example.com
89,Jason Alexander,jason.alexander89@example.com
90,Claire Russell,claire.russell90@example.com
91,Eric Griffin,eric.griffin91@example.com
92,Anna Diaz,anna.diaz92@example.com
93,Steven Hayes,steven.hayes93@example.com
94,Victoria Myers,victoria.myers94@example.com
95,Tyler Ford,tyler.ford95@example.com
96,Grace Hamilton,grace.hamilton96@example.com
97,Patrick Graham,patrick.graham97@example.com
98,Stella Sullivan,stella.sullivan98@example.com
99,Sean Wallace,sean.wallace99@example.com
100,Lucy West,lucy.west100@example.com
